{"cameraMode":{"drawMode":0,"name":"Shaded","section":"Shading Mode"},"sceneLighting":false,"audioPlay":false,"sceneViewState":{"m_AlwaysRefresh":false,"showFog":true,"showSkybox":false,"showFlares":true,"showImageEffects":true,"showParticleSystems":true,"showVisualEffectGraphs":true,"m_FxEnabled":true},"in2DMode":false,"pivot":{"x":0.2827950716018677,"y":2.8091611862182619,"z":1.2828800678253174},"rotation":{"x":-0.11352817714214325,"y":0.8780521750450134,"z":-0.2575443983078003,"w":-0.38707026839256289},"size":1.5045146942138672,"orthographic":false}